Workbook

Sheet Read Me
A1: K-30 / Measure DI — AMC & Spare Parts Opportunity Model
A2: Client-wise, product-wise aftermarket (AMC + Spare Parts) revenue opportunity sizing, Year 1–7
A4: WHAT THIS WORKBOOK DOES
A5: For every product sold to every client (source: K30_Spare_Data.xlsx), this model estimates the Annual Maintenance
A6: Contract (AMC) and Spare Parts revenue opportunity for Years 1 through 7 after sale, as a % of that product's
A7: original billed value. The % curve is an editable assumption (see the "AMC & Spares % Assumptions" tab) — every
A8: opportunity value in this workbook is a LIVE FORMULA, so changing a % or a billed value recalculates everything.
A10: HOW TO USE IT
A11: 1. Open "Client-Product Master" and fill in any blank Product Billed Value, Installation Year, or Warranty Status
A12: cells (shaded yellow) as that information becomes available.
A13: 2. Open "AMC & Spares % Assumptions" and adjust the Year 1–7 % curve to match your actual AMC/Spares pricing
A14: policy once you have real billing history to calibrate against — the starting values here are an industry-pattern
... A46: data as soon as that is available, for a far more accurate forecast.

Sheet AMC & Spares % Assumptions
A1: AMC & Spare Parts — Year 1–7 Opportunity % of Original Product Billed Value
A2: Editable assumption — see "Read Me" tab for methodology. Adjust once real AMC/Spares billing history is available.
A4: Year After Sale | B4: AMC Opportunity (% of Product Value) | C4: Spares Opportunity (% of Product Value) | D4: Combined Aftermarket Opportunity (%)
A5: Year 1 | B5: 0.015 | C5: 0.01 | D5: =B5+C5 -> 0.025
A6: Year 2 | B6: 0.03 | C6: 0.025 | D6: =B6+C6 -> 0.055
A7: Year 3 | B7: 0.045 | C7: 0.045 | D7: =B7+C7 -> 0.09
A8: Year 4 | B8: 0.055 | C8: 0.06 | D8: =B8+C8 -> 0.115
A9: Year 5 | B9: 0.06 | C9: 0.075 | D9: =B9+C9 -> 0.135
A10: Year 6 | B10: 0.065 | C10: 0.085 | D10: =B10+C10 -> 0.15
A11: Year 7 | B11: 0.07 | C11: 0.095 | D11: =B11+C11 -> 0.165
A12: 7-Year Cumulative | B12: =SUM(B5:B11) -> 0.34 | C12: =SUM(C5:C11) -> 0.395 | D12: =SUM(D5:D11) -> 0.735

Sheet Client-Product Master
A1: # | B1: Client Name | C1: Product / Equipment Description | D1: Segment (as per source) | E1: Product Billed Value (INR) | F1: Installation Year | G1: Warranty Status
A2: 1 | B2: Jindal Steel & Power Limited | C2: Wagon Bulge | D2: Spare
A3: 2 | B3: ISMT LIMITED | C3: 100 Ton Ladle Transfer Car Weighing System | D3: Spare
A4: 3 | B4: NTPC | C4: STATIC WEIGH BRIDGES | D4: Spare
A5: 4 | B5: MAgna Casting & Machine Works Pvt | C5: 50 Ton Ladle Transfer Car Weighing System | D5: Spare
A6: 5 | B6: Tata Steel Long products limited | C6: WEIGHBRIDGE STRUCTURE,100 MT,18X3M | D6: Spare
A7: 6 | B7: Hospet Steels Limited | C7: Hot metal weighing system 100 ton | D7: Spare
A8: 7 | B8: Tata Steel Long products limited | C8: COIL WEIGHING SYSTEM- 5MT | D8: Spare
A9: 8 | B9: JAYASWAL NECO INDUSTRIES LIMITED | C9: TUNDISH WEIGHING SYSTEM | D9: Spare
A10: 9 | B10: JAYASWAL NECO INDUSTRIES LIMITED | C10: TUNDISH CAR WEIGHING SYSTEM | D10: Spare
A11: 10 | B11: FRIGATE TEKNOLOGIES PRIVATE LIMITED | C11: Rail Static weigh Bridge | D11: Spare
A12: 11 | B12: NTPC solapur | C12: Rail Static Weighing System | D12: Spare
A13: 12 | B13: BAJAJ MUKAND LTD | C13: BILLET WEIGHING SYSTEM 3 TON | D13: Spare
... A38: 37 | B38: EVONITH VALUE STEEL LIMITED | C38: SAP integration charges along with service engineer service charges | D38: Spare
A39: 38 | B39: Ultratech Cement Ltd, Unit- Maihar cement works | C39: (Product description not provided in source - confirm) | D39: Spare | E39: 550000
A40: 39 | B40: JINDAL STAINLESS LIMITED | C40: Junction Box | D40: Spare | E40: 22000
A41: 40 | B41: Evonith Steel Complex | C41: Spare for Crane Scale | D41: Spare | E41: 295000
A42: 41 | B42: JSW Steel Ltd. | C42: CONTROLLER & LOAD CELL | D42: Spare | E42: 113000
A43: 42 | B43: JSW Steel Limited | C43: Bin Load cell and Controller | D43: Spare | E43: 90000
A44: 43 | B44: JSW STEEL-SALEM | C44: SPARE For WAGON TIPPLER | D44: Spare | E44: 930000
A45: 44 | B45: Balaji Engineers & Contractors. | C45: 6 TON WEIGH SCALE SPARRE | D45: Spare | E45: 333250
A46: 45 | B46: ELECTRO PNEUMATICS AND HYDRAULICS (INDIA) PVT LTD | C46: Load cell required for existing weighing system of Wagon Tipplers | D46: Spare
A47: 46 | B47: JSW Steel Limited | C47: Weigh bridges Spare | D47: Spare
A48: 47 | B48: JSW BPSL | C48: SPARE OFFER FOR STEEL RAIL WEIGHING SYSTEM | D48: Spare | E48: 870000
A49: 48 | B49: Kirloskar Ferrous Industries Ltd Steel Plant | C49: LOAD CELL SPARES OFFER FOR 200-TON LADLE WEIGH BRIDGE | D49: Spare | E49: 400000
A50: 49 | B50: TAMILIIADU CEMENTS CORPORATION LTD | C50: Spares For Bloom Weighing System | D50: Spare | E50: 675000
A51: 50 | B51: JSW JFE Steel Limited | C51: in motion Weighbridge | D51: Spare | E51: 860000
A52: 51 | B52: JSW Steel Limited | C52: Load Cell signal monitoring system | D52: Spare
A53: 52 | B53: Synergy Steels Limited | C53: SPARE FOR PITLESS WAGON TIPPLER WEIGHING SYSTEM | D53: Spare
A54: 53 | B54: adani gondia | C54: Load Sensor | D54: Spare | E54: 165000
A55: 54 | B55: (Client name not provided in source - confirm) | C55: 8 no load cell | D55: Spare | E55: 660000

Sheet Opportunity Model (Year-wise)
A1: Client Name | B1: Product / Equipment Description | C1: Product Billed Value (INR) | D1: Year After Sale | E1: AMC Opportunity % | F1: AMC Opportunity Value (INR) | G1: Spares Opportunity % | H1: Spares Opportunity Value (INR) | I1: Total Aftermarket Opportunity (INR)
A2: ='Client-Product Master'!B2 -> Jindal Steel & Power Limited | B2: ='Client-Product Master'!C2 -> Wagon Bulge | C2: ='Client-Product Master'!E2 -> 0 | D2: 1 | E2: =INDEX('AMC & Spares % Assumptions'!$B$5:$B$11, D2) -> 0.015 | F2: =C2*E2 -> 0 | G2: =INDEX('AMC & Spares % Assumptions'!$C$5:$C$11, D2) -> 0.01 | H2: =C2*G2 -> 0 | I2: =F2+H2 -> 0
A3: ='Client-Product Master'!B2 -> Jindal Steel & Power Limited | B3: ='Client-Product Master'!C2 -> Wagon Bulge | C3: ='Client-Product Master'!E2 -> 0 | D3: 2 | E3: =INDEX('AMC & Spares % Assumptions'!$B$5:$B$11, D3) -> 0.03 | F3: =C3*E3 -> 0 | G3: =INDEX('AMC & Spares % Assumptions'!$C$5:$C$11, D3) -> 0.025 | H3: =C3*G3 -> 0 | I3: =F3+H3 -> 0
A4: ='Client-Product Master'!B2 -> Jindal Steel & Power Limited | B4: ='Client-Product Master'!C2 -> Wagon Bulge | C4: ='Client-Product Master'!E2 -> 0 | D4: 3 | E4: =INDEX('AMC & Spares % Assumptions'!$B$5:$B$11, D4) -> 0.045 | F4: =C4*E4 -> 0 | G4: =INDEX('AMC & Spares % Assumptions'!$C$5:$C$11, D4) -> 0.045 | H4: =C4*G4 -> 0 | I4: =F4+H4 -> 0
A5: ='Client-Product Master'!B2 -> Jindal Steel & Power Limited | B5: ='Client-Product Master'!C2 -> Wagon Bulge | C5: ='Client-Product Master'!E2 -> 0 | D5: 4 | E5: =INDEX('AMC & Spares % Assumptions'!$B$5:$B$11, D5) -> 0.055 | F5: =C5*E5 -> 0 | G5: =INDEX('AMC & Spares % Assumptions'!$C$5:$C$11, D5) -> 0.06 | H5: =C5*G5 -> 0 | I5: =F5+H5 -> 0
A6: ='Client-Product Master'!B2 -> Jindal Steel & Power Limited | B6: ='Client-Product Master'!C2 -> Wagon Bulge | C6: ='Client-Product Master'!E2 -> 0 | D6: 5 | E6: =INDEX('AMC & Spares % Assumptions'!$B$5:$B$11, D6) -> 0.06 | F6: =C6*E6 -> 0 | G6: =INDEX('AMC & Spares % Assumptions'!$C$5:$C$11, D6) -> 0.075 | H6: =C6*G6 -> 0 | I6: =F6+H6 -> 0
A7: ='Client-Product Master'!B2 -> Jindal Steel & Power Limited | B7: ='Client-Product Master'!C2 -> Wagon Bulge | C7: ='Client-Product Master'!E2 -> 0 | D7: 6 | E7: =INDEX('AMC & Spares % Assumptions'!$B$5:$B$11, D7) -> 0.065 | F7: =C7*E7 -> 0 | G7: =INDEX('AMC & Spares % Assumptions'!$C$5:$C$11, D7) -> 0.085 | H7: =C7*G7 -> 0 | I7: =F7+H7 -> 0
A8: ='Client-Product Master'!B2 -> Jindal Steel & Power Limited | B8: ='Client-Product Master'!C2 -> Wagon Bulge | C8: ='Client-Product Master'!E2 -> 0 | D8: 7 | E8: =INDEX('AMC & Spares % Assumptions'!$B$5:$B$11, D8) -> 0.07 | F8: =C8*E8 -> 0 | G8: =INDEX('AMC & Spares % Assumptions'!$C$5:$C$11, D8) -> 0.095 | H8: =C8*G8 -> 0 | I8: =F8+H8 -> 0
A9: ='Client-Product Master'!B3 -> ISMT LIMITED | B9: ='Client-Product Master'!C3 -> 100 Ton Ladle Transfer Car Weighing System | C9: ='Client-Product Master'!E3 -> 0 | D9: 1 | E9: =INDEX('AMC & Spares % Assumptions'!$B$5:$B$11, D9) -> 0.015 | F9: =C9*E9 -> 0 | G9: =INDEX('AMC & Spares % Assumptions'!$C$5:$C$11, D9) -> 0.01 | H9: =C9*G9 -> 0 | I9: =F9+H9 -> 0
A10: ='Client-Product Master'!B3 -> ISMT LIMITED | B10: ='Client-Product Master'!C3 -> 100 Ton Ladle Transfer Car Weighing System | C10: ='Client-Product Master'!E3 -> 0 | D10: 2 | E10: =INDEX('AMC & Spares % Assumptions'!$B$5:$B$11, D10) -> 0.03 | F10: =C10*E10 -> 0 | G10: =INDEX('AMC & Spares % Assumptions'!$C$5:$C$11, D10) -> 0.025 | H10: =C10*G10 -> 0 | I10: =F10+H10 -> 0
A11: ='Client-Product Master'!B3 -> ISMT LIMITED | B11: ='Client-Product Master'!C3 -> 100 Ton Ladle Transfer Car Weighing System | C11: ='Client-Product Master'!E3 -> 0 | D11: 3 | E11: =INDEX('AMC & Spares % Assumptions'!$B$5:$B$11, D11) -> 0.045 | F11: =C11*E11 -> 0 | G11: =INDEX('AMC & Spares % Assumptions'!$C$5:$C$11, D11) -> 0.045 | H11: =C11*G11 -> 0 | I11: =F11+H11 -> 0
A12: ='Client-Product Master'!B3 -> ISMT LIMITED | B12: ='Client-Product Master'!C3 -> 100 Ton Ladle Transfer Car Weighing System | C12: ='Client-Product Master'!E3 -> 0 | D12: 4 | E12: =INDEX('AMC & Spares % Assumptions'!$B$5:$B$11, D12) -> 0.055 | F12: =C12*E12 -> 0 | G12: =INDEX('AMC & Spares % Assumptions'!$C$5:$C$11, D12) -> 0.06 | H12: =C12*G12 -> 0 | I12: =F12+H12 -> 0
A13: ='Client-Product Master'!B3 -> ISMT LIMITED | B13: ='Client-Product Master'!C3 -> 100 Ton Ladle Transfer Car Weighing System | C13: ='Client-Product Master'!E3 -> 0 | D13: 5 | E13: =INDEX('AMC & Spares % Assumptions'!$B$5:$B$11, D13) -> 0.06 | F13: =C13*E13 -> 0 | G13: =INDEX('AMC & Spares % Assumptions'!$C$5:$C$11, D13) -> 0.075 | H13: =C13*G13 -> 0 | I13: =F13+H13 -> 0
A14: ='Client-Product Master'!B3 -> ISMT LIMITED | B14: ='Client-Product Master'!C3 -> 100 Ton Ladle Transfer Car Weighing System | C14: ='Client-Product Master'!E3 -> 0 | D14: 6 | E14: =INDEX('AMC & Spares % Assumptions'!$B$5:$B$11, D14) -> 0.065 | F14: =C14*E14 -> 0 | G14: =INDEX('AMC & Spares % Assumptions'!$C$5:$C$11, D14) -> 0.085 | H14: =C14*G14 -> 0 | I14: =F14+H14 -> 0
A15: ='Client-Product Master'!B3 -> ISMT LIMITED | B15: ='Client-Product Master'!C3 -> 100 Ton Ladle Transfer Car Weighing System | C15: ='Client-Product Master'!E3 -> 0 | D15: 7 | E15: =INDEX('AMC & Spares % Assumptions'!$B$5:$B$11, D15) -> 0.07 | F15: =C15*E15 -> 0 | G15: =INDEX('AMC & Spares % Assumptions'!$C$5:$C$11, D15) -> 0.095 | H15: =C15*G15 -> 0 | I15: =F15+H15 -> 0
A16: ='Client-Product Master'!B4 -> NTPC | B16: ='Client-Product Master'!C4 -> STATIC WEIGH BRIDGES | C16: ='Client-Product Master'!E4 -> 0 | D16: 1 | E16: =INDEX('AMC & Spares % Assumptions'!$B$5:$B$11, D16) -> 0.015 | F16: =C16*E16 -> 0 | G16: =INDEX('AMC & Spares % Assumptions'!$C$5:$C$11, D16) -> 0.01 | H16: =C16*G16 -> 0 | I16: =F16+H16 -> 0
A17: ='Client-Product Master'!B4 -> NTPC | B17: ='Client-Product Master'!C4 -> STATIC WEIGH BRIDGES | C17: ='Client-Product Master'!E4 -> 0 | D17: 2 | E17: =INDEX('AMC & Spares % Assumptions'!$B$5:$B$11, D17) -> 0.03 | F17: =C17*E17 -> 0 | G17: =INDEX('AMC & Spares % Assumptions'!$C$5:$C$11, D17) -> 0.025 | H17: =C17*G17 -> 0 | I17: =F17+H17 -> 0
A18: ='Client-Product Master'!B4 -> NTPC | B18: ='Client-Product Master'!C4 -> STATIC WEIGH BRIDGES | C18: ='Client-Product Master'!E4 -> 0 | D18: 3 | E18: =INDEX('AMC & Spares % Assumptions'!$B$5:$B$11, D18) -> 0.045 | F18: =C18*E18 -> 0 | G18: =INDEX('AMC & Spares % Assumptions'!$C$5:$C$11, D18) -> 0.045 | H18: =C18*G18 -> 0 | I18: =F18+H18 -> 0
A19: ='Client-Product Master'!B4 -> NTPC | B19: ='Client-Product Master'!C4 -> STATIC WEIGH BRIDGES | C19: ='Client-Product Master'!E4 -> 0 | D19: 4 | E19: =INDEX('AMC & Spares % Assumptions'!$B$5:$B$11, D19) -> 0.055 | F19: =C19*E19 -> 0 | G19: =INDEX('AMC & Spares % Assumptions'!$C$5:$C$11, D19) -> 0.06 | H19: =C19*G19 -> 0 | I19: =F19+H19 -> 0
A20: ='Client-Product Master'!B4 -> NTPC | B20: ='Client-Product Master'!C4 -> STATIC WEIGH BRIDGES | C20: ='Client-Product Master'!E4 -> 0 | D20: 5 | E20: =INDEX('AMC & Spares % Assumptions'!$B$5:$B$11, D20) -> 0.06 | F20: =C20*E20 -> 0 | G20: =INDEX('AMC & Spares % Assumptions'!$C$5:$C$11, D20) -> 0.075 | H20: =C20*G20 -> 0 | I20: =F20+H20 -> 0
A21: ='Client-Product Master'!B4 -> NTPC | B21: ='Client-Product Master'!C4 -> STATIC WEIGH BRIDGES | C21: ='Client-Product Master'!E4 -> 0 | D21: 6 | E21: =INDEX('AMC & Spares % Assumptions'!$B$5:$B$11, D21) -> 0.065 | F21: =C21*E21 -> 0 | G21: =INDEX('AMC & Spares % Assumptions'!$C$5:$C$11, D21) -> 0.085 | H21: =C21*G21 -> 0 | I21: =F21+H21 -> 0
A22: ='Client-Product Master'!B4 -> NTPC | B22: ='Client-Product Master'!C4 -> STATIC WEIGH BRIDGES | C22: ='Client-Product Master'!E4 -> 0 | D22: 7 | E22: =INDEX('AMC & Spares % Assumptions'!$B$5:$B$11, D22) -> 0.07 | F22: =C22*E22 -> 0 | G22: =INDEX('AMC & Spares % Assumptions'!$C$5:$C$11, D22) -> 0.095 | H22: =C22*G22 -> 0 | I22: =F22+H22 -> 0
A23: ='Client-Product Master'!B5 -> MAgna Casting & Machine Works Pvt | B23: ='Client-Product Master'!C5 -> 50 Ton Ladle Transfer Car Weighing System | C23: ='Client-Product Master'!E5 -> 0 | D23: 1 | E23: =INDEX('AMC & Spares % Assumptions'!$B$5:$B$11, D23) -> 0.015 | F23: =C23*E23 -> 0 | G23: =INDEX('AMC & Spares % Assumptions'!$C$5:$C$11, D23) -> 0.01 | H23: =C23*G23 -> 0 | I23: =F23+H23 -> 0
A24: ='Client-Product Master'!B5 -> MAgna Casting & Machine Works Pvt | B24: ='Client-Product Master'!C5 -> 50 Ton Ladle Transfer Car Weighing System | C24: ='Client-Product Master'!E5 -> 0 | D24: 2 | E24: =INDEX('AMC & Spares % Assumptions'!$B$5:$B$11, D24) -> 0.03 | F24: =C24*E24 -> 0 | G24: =INDEX('AMC & Spares % Assumptions'!$C$5:$C$11, D24) -> 0.025 | H24: =C24*G24 -> 0 | I24: =F24+H24 -> 0
A25: ='Client-Product Master'!B5 -> MAgna Casting & Machine Works Pvt | B25: ='Client-Product Master'!C5 -> 50 Ton Ladle Transfer Car Weighing System | C25: ='Client-Product Master'!E5 -> 0 | D25: 3 | E25: =INDEX('AMC & Spares % Assumptions'!$B$5:$B$11, D25) -> 0.045 | F25: =C25*E25 -> 0 | G25: =INDEX('AMC & Spares % Assumptions'!$C$5:$C$11, D25) -> 0.045 | H25: =C25*G25 -> 0 | I25: =F25+H25 -> 0
A26: ='Client-Product Master'!B5 -> MAgna Casting & Machine Works Pvt | B26: ='Client-Product Master'!C5 -> 50 Ton Ladle Transfer Car Weighing System | C26: ='Client-Product Master'!E5 -> 0 | D26: 4 | E26: =INDEX('AMC & Spares % Assumptions'!$B$5:$B$11, D26) -> 0.055 | F26: =C26*E26 -> 0 | G26: =INDEX('AMC & Spares % Assumptions'!$C$5:$C$11, D26) -> 0.06 | H26: =C26*G26 -> 0 | I26: =F26+H26 -> 0
A27: ='Client-Product Master'!B5 -> MAgna Casting & Machine Works Pvt | B27: ='Client-Product Master'!C5 -> 50 Ton Ladle Transfer Car Weighing System | C27: ='Client-Product Master'!E5 -> 0 | D27: 5 | E27: =INDEX('AMC & Spares % Assumptions'!$B$5:$B$11, D27) -> 0.06 | F27: =C27*E27 -> 0 | G27: =INDEX('AMC & Spares % Assumptions'!$C$5:$C$11, D27) -> 0.075 | H27: =C27*G27 -> 0 | I27: =F27+H27 -> 0
A28: ='Client-Product Master'!B5 -> MAgna Casting & Machine Works Pvt | B28: ='Client-Product Master'!C5 -> 50 Ton Ladle Transfer Car Weighing System | C28: ='Client-Product Master'!E5 -> 0 | D28: 6 | E28: =INDEX('AMC & Spares % Assumptions'!$B$5:$B$11, D28) -> 0.065 | F28: =C28*E28 -> 0 | G28: =INDEX('AMC & Spares % Assumptions'!$C$5:$C$11, D28) -> 0.085 | H28: =C28*G28 -> 0 | I28: =F28+H28 -> 0
A29: ='Client-Product Master'!B5 -> MAgna Casting & Machine Works Pvt | B29: ='Client-Product Master'!C5 -> 50 Ton Ladle Transfer Car Weighing System | C29: ='Client-Product Master'!E5 -> 0 | D29: 7 | E29: =INDEX('AMC & Spares % Assumptions'!$B$5:$B$11, D29) -> 0.07 | F29: =C29*E29 -> 0 | G29: =INDEX('AMC & Spares % Assumptions'!$C$5:$C$11, D29) -> 0.095 | H29: =C29*G29 -> 0 | I29: =F29+H29 -> 0
A30: ='Client-Product Master'!B6 -> Tata Steel Long products limited | B30: ='Client-Product Master'!C6 -> WEIGHBRIDGE STRUCTURE,100 MT,18X3M | C30: ='Client-Product Master'!E6 -> 0 | D30: 1 | E30: =INDEX('AMC & Spares % Assumptions'!$B$5:$B$11, D30) -> 0.015 | F30: =C30*E30 -> 0 | G30: =INDEX('AMC & Spares % Assumptions'!$C$5:$C$11, D30) -> 0.01 | H30: =C30*G30 -> 0 | I30: =F30+H30 -> 0
A31: ='Client-Product Master'!B6 -> Tata Steel Long products limited | B31: ='Client-Product Master'!C6 -> WEIGHBRIDGE STRUCTURE,100 MT,18X3M | C31: ='Client-Product Master'!E6 -> 0 | D31: 2 | E31: =INDEX('AMC & Spares % Assumptions'!$B$5:$B$11, D31) -> 0.03 | F31: =C31*E31 -> 0 | G31: =INDEX('AMC & Spares % Assumptions'!$C$5:$C$11, D31) -> 0.025 | H31: =C31*G31 -> 0 | I31: =F31+H31 -> 0
A32: ='Client-Product Master'!B6 -> Tata Steel Long products limited | B32: ='Client-Product Master'!C6 -> WEIGHBRIDGE STRUCTURE,100 MT,18X3M | C32: ='Client-Product Master'!E6 -> 0 | D32: 3 | E32: =INDEX('AMC & Spares % Assumptions'!$B$5:$B$11, D32) -> 0.045 | F32: =C32*E32 -> 0 | G32: =INDEX('AMC & Spares % Assumptions'!$C$5:$C$11, D32) -> 0.045 | H32: =C32*G32 -> 0 | I32: =F32+H32 -> 0
A33: ='Client-Product Master'!B6 -> Tata Steel Long products limited | B33: ='Client-Product Master'!C6 -> WEIGHBRIDGE STRUCTURE,100 MT,18X3M | C33: ='Client-Product Master'!E6 -> 0 | D33: 4 | E33: =INDEX('AMC & Spares % Assumptions'!$B$5:$B$11, D33) -> 0.055 | F33: =C33*E33 -> 0 | G33: =INDEX('AMC & Spares % Assumptions'!$C$5:$C$11, D33) -> 0.06 | H33: =C33*G33 -> 0 | I33: =F33+H33 -> 0
A34: ='Client-Product Master'!B6 -> Tata Steel Long products limited | B34: ='Client-Product Master'!C6 -> WEIGHBRIDGE STRUCTURE,100 MT,18X3M | C34: ='Client-Product Master'!E6 -> 0 | D34: 5 | E34: =INDEX('AMC & Spares % Assumptions'!$B$5:$B$11, D34) -> 0.06 | F34: =C34*E34 -> 0 | G34: =INDEX('AMC & Spares % Assumptions'!$C$5:$C$11, D34) -> 0.075 | H34: =C34*G34 -> 0 | I34: =F34+H34 -> 0
A35: ='Client-Product Master'!B6 -> Tata Steel Long products limited | B35: ='Client-Product Master'!C6 -> WEIGHBRIDGE STRUCTURE,100 MT,18X3M | C35: ='Client-Product Master'!E6 -> 0 | D35: 6 | E35: =INDEX('AMC & Spares % Assumptions'!$B$5:$B$11, D35) -> 0.065 | F35: =C35*E35 -> 0 | G35: =INDEX('AMC & Spares % Assumptions'!$C$5:$C$11, D35) -> 0.085 | H35: =C35*G35 -> 0 | I35: =F35+H35 -> 0
A36: ='Client-Product Master'!B6 -> Tata Steel Long products limited | B36: ='Client-Product Master'!C6 -> WEIGHBRIDGE STRUCTURE,100 MT,18X3M | C36: ='Client-Product Master'!E6 -> 0 | D36: 7 | E36: =INDEX('AMC & Spares % Assumptions'!$B$5:$B$11, D36) -> 0.07 | F36: =C36*E36 -> 0 | G36: =INDEX('AMC & Spares % Assumptions'!$C$5:$C$11, D36) -> 0.095 | H36: =C36*G36 -> 0 | I36: =F36+H36 -> 0
A37: ='Client-Product Master'!B7 -> Hospet Steels Limited | B37: ='Client-Product Master'!C7 -> Hot metal weighing system 100 ton | C37: ='Client-Product Master'!E7 -> 0 | D37: 1 | E37: =INDEX('AMC & Spares % Assumptions'!$B$5:$B$11, D37) -> 0.015 | F37: =C37*E37 -> 0 | G37: =INDEX('AMC & Spares % Assumptions'!$C$5:$C$11, D37) -> 0.01 | H37: =C37*G37 -> 0 | I37: =F37+H37 -> 0
A38: ='Client-Product Master'!B7 -> Hospet Steels Limited | B38: ='Client-Product Master'!C7 -> Hot metal weighing system 100 ton | C38: ='Client-Product Master'!E7 -> 0 | D38: 2 | E38: =INDEX('AMC & Spares % Assumptions'!$B$5:$B$11, D38) -> 0.03 | F38: =C38*E38 -> 0 | G38: =INDEX('AMC & Spares % Assumptions'!$C$5:$C$11, D38) -> 0.025 | H38: =C38*G38 -> 0 | I38: =F38+H38 -> 0
A39: ='Client-Product Master'!B7 -> Hospet Steels Limited | B39: ='Client-Product Master'!C7 -> Hot metal weighing system 100 ton | C39: ='Client-Product Master'!E7 -> 0 | D39: 3 | E39: =INDEX('AMC & Spares % Assumptions'!$B$5:$B$11, D39) -> 0.045 | F39: =C39*E39 -> 0 | G39: =INDEX('AMC & Spares % Assumptions'!$C$5:$C$11, D39) -> 0.045 | H39: =C39*G39 -> 0 | I39: =F39+H39 -> 0
A40: ='Client-Product Master'!B7 -> Hospet Steels Limited | B40: ='Client-Product Master'!C7 -> Hot metal weighing system 100 ton | C40: ='Client-Product Master'!E7 -> 0 | D40: 4 | E40: =INDEX('AMC & Spares % Assumptions'!$B$5:$B$11, D40) -> 0.055 | F40: =C40*E40 -> 0 | G40: =INDEX('AMC & Spares % Assumptions'!$C$5:$C$11, D40) -> 0.06 | H40: =C40*G40 -> 0 | I40: =F40+H40 -> 0
A41: ='Client-Product Master'!B7 -> Hospet Steels Limited | B41: ='Client-Product Master'!C7 -> Hot metal weighing system 100 ton | C41: ='Client-Product Master'!E7 -> 0 | D41: 5 | E41: =INDEX('AMC & Spares % Assumptions'!$B$5:$B$11, D41) -> 0.06 | F41: =C41*E41 -> 0 | G41: =INDEX('AMC & Spares % Assumptions'!$C$5:$C$11, D41) -> 0.075 | H41: =C41*G41 -> 0 | I41: =F41+H41 -> 0
A42: ='Client-Product Master'!B7 -> Hospet Steels Limited | B42: ='Client-Product Master'!C7 -> Hot metal weighing system 100 ton | C42: ='Client-Product Master'!E7 -> 0 | D42: 6 | E42: =INDEX('AMC & Spares % Assumptions'!$B$5:$B$11, D42) -> 0.065 | F42: =C42*E42 -> 0 | G42: =INDEX('AMC & Spares % Assumptions'!$C$5:$C$11, D42) -> 0.085 | H42: =C42*G42 -> 0 | I42: =F42+H42 -> 0
A43: ='Client-Product Master'!B7 -> Hospet Steels Limited | B43: ='Client-Product Master'!C7 -> Hot metal weighing system 100 ton | C43: ='Client-Product Master'!E7 -> 0 | D43: 7 | E43: =INDEX('AMC & Spares % Assumptions'!$B$5:$B$11, D43) -> 0.07 | F43: =C43*E43 -> 0 | G43: =INDEX('AMC & Spares % Assumptions'!$C$5:$C$11, D43) -> 0.095 | H43: =C43*G43 -> 0 | I43: =F43+H43 -> 0
A44: ='Client-Product Master'!B8 -> Tata Steel Long products limited | B44: ='Client-Product Master'!C8 -> COIL WEIGHING SYSTEM- 5MT | C44: ='Client-Product Master'!E8 -> 0 | D44: 1 | E44: =INDEX('AMC & Spares % Assumptions'!$B$5:$B$11, D44) -> 0.015 | F44: =C44*E44 -> 0 | G44: =INDEX('AMC & Spares % Assumptions'!$C$5:$C$11, D44) -> 0.01 | H44: =C44*G44 -> 0 | I44: =F44+H44 -> 0
A45: ='Client-Product Master'!B8 -> Tata Steel Long products limited | B45: ='Client-Product Master'!C8 -> COIL WEIGHING SYSTEM- 5MT | C45: ='Client-Product Master'!E8 -> 0 | D45: 2 | E45: =INDEX('AMC & Spares % Assumptions'!$B$5:$B$11, D45) -> 0.03 | F45: =C45*E45 -> 0 | G45: =INDEX('AMC & Spares % Assumptions'!$C$5:$C$11, D45) -> 0.025 | H45: =C45*G45 -> 0 | I45: =F45+H45 -> 0
A46: ='Client-Product Master'!B8 -> Tata Steel Long products limited | B46: ='Client-Product Master'!C8 -> COIL WEIGHING SYSTEM- 5MT | C46: ='Client-Product Master'!E8 -> 0 | D46: 3 | E46: =INDEX('AMC & Spares % Assumptions'!$B$5:$B$11, D46) -> 0.045 | F46: =C46*E46 -> 0 | G46: =INDEX('AMC & Spares % Assumptions'!$C$5:$C$11, D46) -> 0.045 | H46: =C46*G46 -> 0 | I46: =F46+H46 -> 0
A47: ='Client-Product Master'!B8 -> Tata Steel Long products limited | B47: ='Client-Product Master'!C8 -> COIL WEIGHING SYSTEM- 5MT | C47: ='Client-Product Master'!E8 -> 0 | D47: 4 | E47: =INDEX('AMC & Spares % Assumptions'!$B$5:$B$11, D47) -> 0.055 | F47: =C47*E47 -> 0 | G47: =INDEX('AMC & Spares % Assumptions'!$C$5:$C$11, D47) -> 0.06 | H47: =C47*G47 -> 0 | I47: =F47+H47 -> 0
A48: ='Client-Product Master'!B8 -> Tata Steel Long products limited | B48: ='Client-Product Master'!C8 -> COIL WEIGHING SYSTEM- 5MT | C48: ='Client-Product Master'!E8 -> 0 | D48: 5 | E48: =INDEX('AMC & Spares % Assumptions'!$B$5:$B$11, D48) -> 0.06 | F48: =C48*E48 -> 0 | G48: =INDEX('AMC & Spares % Assumptions'!$C$5:$C$11, D48) -> 0.075 | H48: =C48*G48 -> 0 | I48: =F48+H48 -> 0
A49: ='Client-Product Master'!B8 -> Tata Steel Long products limited | B49: ='Client-Product Master'!C8 -> COIL WEIGHING SYSTEM- 5MT | C49: ='Client-Product Master'!E8 -> 0 | D49: 6 | E49: =INDEX('AMC & Spares % Assumptions'!$B$5:$B$11, D49) -> 0.065 | F49: =C49*E49 -> 0 | G49: =INDEX('AMC & Spares % Assumptions'!$C$5:$C$11, D49) -> 0.085 | H49: =C49*G49 -> 0 | I49: =F49+H49 -> 0
A50: ='Client-Product Master'!B8 -> Tata Steel Long products limited | B50: ='Client-Product Master'!C8 -> COIL WEIGHING SYSTEM- 5MT | C50: ='Client-Product Master'!E8 -> 0 | D50: 7 | E50: =INDEX('AMC & Spares % Assumptions'!$B$5:$B$11, D50) -> 0.07 | F50: =C50*E50 -> 0 | G50: =INDEX('AMC & Spares % Assumptions'!$C$5:$C$11, D50) -> 0.095 | H50: =C50*G50 -> 0 | I50: =F50+H50 -> 0
A51: ='Client-Product Master'!B9 -> JAYASWAL NECO INDUSTRIES LIMITED | B51: ='Client-Product Master'!C9 -> TUNDISH WEIGHING SYSTEM | C51: ='Client-Product Master'!E9 -> 0 | D51: 1 | E51: =INDEX('AMC & Spares % Assumptions'!$B$5:$B$11, D51) -> 0.015 | F51: =C51*E51 -> 0 | G51: =INDEX('AMC & Spares % Assumptions'!$C$5:$C$11, D51) -> 0.01 | H51: =C51*G51 -> 0 | I51: =F51+H51 -> 0
A52: ='Client-Product Master'!B9 -> JAYASWAL NECO INDUSTRIES LIMITED | B52: ='Client-Product Master'!C9 -> TUNDISH WEIGHING SYSTEM | C52: ='Client-Product Master'!E9 -> 0 | D52: 2 | E52: =INDEX('AMC & Spares % Assumptions'!$B$5:$B$11, D52) -> 0.03 | F52: =C52*E52 -> 0 | G52: =INDEX('AMC & Spares % Assumptions'!$C$5:$C$11, D52) -> 0.025 | H52: =C52*G52 -> 0 | I52: =F52+H52 -> 0
A53: ='Client-Product Master'!B9 -> JAYASWAL NECO INDUSTRIES LIMITED | B53: ='Client-Product Master'!C9 -> TUNDISH WEIGHING SYSTEM | C53: ='Client-Product Master'!E9 -> 0 | D53: 3 | E53: =INDEX('AMC & Spares % Assumptions'!$B$5:$B$11, D53) -> 0.045 | F53: =C53*E53 -> 0 | G53: =INDEX('AMC & Spares % Assumptions'!$C$5:$C$11, D53) -> 0.045 | H53: =C53*G53 -> 0 | I53: =F53+H53 -> 0
A54: ='Client-Product Master'!B9 -> JAYASWAL NECO INDUSTRIES LIMITED | B54: ='Client-Product Master'!C9 -> TUNDISH WEIGHING SYSTEM | C54: ='Client-Product Master'!E9 -> 0 | D54: 4 | E54: =INDEX('AMC & Spares % Assumptions'!$B$5:$B$11, D54) -> 0.055 | F54: =C54*E54 -> 0 | G54: =INDEX('AMC & Spares % Assumptions'!$C$5:$C$11, D54) -> 0.06 | H54: =C54*G54 -> 0 | I54: =F54+H54 -> 0
A55: ='Client-Product Master'!B9 -> JAYASWAL NECO INDUSTRIES LIMITED | B55: ='Client-Product Master'!C9 -> TUNDISH WEIGHING SYSTEM | C55: ='Client-Product Master'!E9 -> 0 | D55: 5 | E55: =INDEX('AMC & Spares % Assumptions'!$B$5:$B$11, D55) -> 0.06 | F55: =C55*E55 -> 0 | G55: =INDEX('AMC & Spares % Assumptions'!$C$5:$C$11, D55) -> 0.075 | H55: =C55*G55 -> 0 | I55: =F55+H55 -> 0
A56: ='Client-Product Master'!B9 -> JAYASWAL NECO INDUSTRIES LIMITED | B56: ='Client-Product Master'!C9 -> TUNDISH WEIGHING SYSTEM | C56: ='Client-Product Master'!E9 -> 0 | D56: 6 | E56: =INDEX('AMC & Spares % Assumptions'!$B$5:$B$11, D56) -> 0.065 | F56: =C56*E56 -> 0 | G56: =INDEX('AMC & Spares % Assumptions'!$C$5:$C$11, D56) -> 0.085 | H56: =C56*G56 -> 0 | I56: =F56+H56 -> 0
A57: ='Client-Product Master'!B9 -> JAYASWAL NECO INDUSTRIES LIMITED | B57: ='Client-Product Master'!C9 -> TUNDISH WEIGHING SYSTEM | C57: ='Client-Product Master'!E9 -> 0 | D57: 7 | E57: =INDEX('AMC & Spares % Assumptions'!$B$5:$B$11, D57) -> 0.07 | F57: =C57*E57 -> 0 | G57: =INDEX('AMC & Spares % Assumptions'!$C$5:$C$11, D57) -> 0.095 | H57: =C57*G57 -> 0 | I57: =F57+H57 -> 0
A58: ='Client-Product Master'!B10 -> JAYASWAL NECO INDUSTRIES LIMITED | B58: ='Client-Product Master'!C10 -> TUNDISH CAR WEIGHING SYSTEM | C58: ='Client-Product Master'!E10 -> 0 | D58: 1 | E58: =INDEX('AMC & Spares % Assumptions'!$B$5:$B$11, D58) -> 0.015 | F58: =C58*E58 -> 0 | G58: =INDEX('AMC & Spares % Assumptions'!$C$5:$C$11, D58) -> 0.01 | H58: =C58*G58 -> 0 | I58: =F58+H58 -> 0
A59: ='Client-Product Master'!B10 -> JAYASWAL NECO INDUSTRIES LIMITED | B59: ='Client-Product Master'!C10 -> TUNDISH CAR WEIGHING SYSTEM | C59: ='Client-Product Master'!E10 -> 0 | D59: 2 | E59: =INDEX('AMC & Spares % Assumptions'!$B$5:$B$11, D59) -> 0.03 | F59: =C59*E59 -> 0 | G59: =INDEX('AMC & Spares % Assumptions'!$C$5:$C$11, D59) -> 0.025 | H59: =C59*G59 -> 0 | I59: =F59+H59 -> 0
A60: ='Client-Product Master'!B10 -> JAYASWAL NECO INDUSTRIES LIMITED | B60: ='Client-Product Master'!C10 -> TUNDISH CAR WEIGHING SYSTEM | C60: ='Client-Product Master'!E10 -> 0 | D60: 3 | E60: =INDEX('AMC & Spares % Assumptions'!$B$5:$B$11, D60) -> 0.045 | F60: =C60*E60 -> 0 | G60: =INDEX('AMC & Spares % Assumptions'!$C$5:$C$11, D60) -> 0.045 | H60: =C60*G60 -> 0 | I60: =F60+H60 -> 0
A61: ='Client-Product Master'!B10 -> JAYASWAL NECO INDUSTRIES LIMITED | B61: ='Client-Product Master'!C10 -> TUNDISH CAR WEIGHING SYSTEM | C61: ='Client-Product Master'!E10 -> 0 | D61: 4 | E61: =INDEX('AMC & Spares % Assumptions'!$B$5:$B$11, D61) -> 0.055 | F61: =C61*E61 -> 0 | G61: =INDEX('AMC & Spares % Assumptions'!$C$5:$C$11, D61) -> 0.06 | H61: =C61*G61 -> 0 | I61: =F61+H61 -> 0
A62: ='Client-Product Master'!B10 -> JAYASWAL NECO INDUSTRIES LIMITED | B62: ='Client-Product Master'!C10 -> TUNDISH CAR WEIGHING SYSTEM | C62: ='Client-Product Master'!E10 -> 0 | D62: 5 | E62: =INDEX('AMC & Spares % Assumptions'!$B$5:$B$11, D62) -> 0.06 | F62: =C62*E62 -> 0 | G62: =INDEX('AMC & Spares % Assumptions'!$C$5:$C$11, D62) -> 0.075 | H62: =C62*G62 -> 0 | I62: =F62+H62 -> 0
A63: ='Client-Product Master'!B10 -> JAYASWAL NECO INDUSTRIES LIMITED | B63: ='Client-Product Master'!C10 -> TUNDISH CAR WEIGHING SYSTEM | C63: ='Client-Product Master'!E10 -> 0 | D63: 6 | E63: =INDEX('AMC & Spares % Assumptions'!$B$5:$B$11, D63) -> 0.065 | F63: =C63*E63 -> 0 | G63: =INDEX('AMC & Spares % Assumptions'!$C$5:$C$11, D63) -> 0.085 | H63: =C63*G63 -> 0 | I63: =F63+H63 -> 0
A64: ='Client-Product Master'!B10 -> JAYASWAL NECO INDUSTRIES LIMITED | B64: ='Client-Product Master'!C10 -> TUNDISH CAR WEIGHING SYSTEM | C64: ='Client-Product Master'!E10 -> 0 | D64: 7 | E64: =INDEX('AMC & Spares % Assumptions'!$B$5:$B$11, D64) -> 0.07 | F64: =C64*E64 -> 0 | G64: =INDEX('AMC & Spares % Assumptions'!$C$5:$C$11, D64) -> 0.095 | H64: =C64*G64 -> 0 | I64: =F64+H64 -> 0
A65: ='Client-Product Master'!B11 -> FRIGATE TEKNOLOGIES PRIVATE LIMITED | B65: ='Client-Product Master'!C11 -> Rail Static weigh Bridge | C65: ='Client-Product Master'!E11 -> 0 | D65: 1 | E65: =INDEX('AMC & Spares % Assumptions'!$B$5:$B$11, D65) -> 0.015 | F65: =C65*E65 -> 0 | G65: =INDEX('AMC & Spares % Assumptions'!$C$5:$C$11, D65) -> 0.01 | H65: =C65*G65 -> 0 | I65: =F65+H65 -> 0
A66: ='Client-Product Master'!B11 -> FRIGATE TEKNOLOGIES PRIVATE LIMITED | B66: ='Client-Product Master'!C11 -> Rail Static weigh Bridge | C66: ='Client-Product Master'!E11 -> 0 | D66: 2 | E66: =INDEX('AMC & Spares % Assumptions'!$B$5:$B$11, D66) -> 0.03 | F66: =C66*E66 -> 0 | G66: =INDEX('AMC & Spares % Assumptions'!$C$5:$C$11, D66) -> 0.025 | H66: =C66*G66 -> 0 | I66: =F66+H66 -> 0
A67: ='Client-Product Master'!B11 -> FRIGATE TEKNOLOGIES PRIVATE LIMITED | B67: ='Client-Product Master'!C11 -> Rail Static weigh Bridge | C67: ='Client-Product Master'!E11 -> 0 | D67: 3 | E67: =INDEX('AMC & Spares % Assumptions'!$B$5:$B$11, D67) -> 0.045 | F67: =C67*E67 -> 0 | G67: =INDEX('AMC & Spares % Assumptions'!$C$5:$C$11, D67) -> 0.045 | H67: =C67*G67 -> 0 | I67: =F67+H67 -> 0
A68: ='Client-Product Master'!B11 -> FRIGATE TEKNOLOGIES PRIVATE LIMITED | B68: ='Client-Product Master'!C11 -> Rail Static weigh Bridge | C68: ='Client-Product Master'!E11 -> 0 | D68: 4 | E68: =INDEX('AMC & Spares % Assumptions'!$B$5:$B$11, D68) -> 0.055 | F68: =C68*E68 -> 0 | G68: =INDEX('AMC & Spares % Assumptions'!$C$5:$C$11, D68) -> 0.06 | H68: =C68*G68 -> 0 | I68: =F68+H68 -> 0
A69: ='Client-Product Master'!B11 -> FRIGATE TEKNOLOGIES PRIVATE LIMITED | B69: ='Client-Product Master'!C11 -> Rail Static weigh Bridge | C69: ='Client-Product Master'!E11 -> 0 | D69: 5 | E69: =INDEX('AMC & Spares % Assumptions'!$B$5:$B$11, D69) -> 0.06 | F69: =C69*E69 -> 0 | G69: =INDEX('AMC & Spares % Assumptions'!$C$5:$C$11, D69) -> 0.075 | H69: =C69*G69 -> 0 | I69: =F69+H69 -> 0
A70: ='Client-Product Master'!B11 -> FRIGATE TEKNOLOGIES PRIVATE LIMITED | B70: ='Client-Product Master'!C11 -> Rail Static weigh Bridge | C70: ='Client-Product Master'!E11 -> 0 | D70: 6 | E70: =INDEX('AMC & Spares % Assumptions'!$B$5:$B$11, D70) -> 0.065 | F70: =C70*E70 -> 0 | G70: =INDEX('AMC & Spares % Assumptions'!$C$5:$C$11, D70) -> 0.085 | H70: =C70*G70 -> 0 | I70: =F70+H70 -> 0
A71: ='Client-Product Master'!B11 -> FRIGATE TEKNOLOGIES PRIVATE LIMITED | B71: ='Client-Product Master'!C11 -> Rail Static weigh Bridge | C71: ='Client-Product Master'!E11 -> 0 | D71: 7 | E71: =INDEX('AMC & Spares % Assumptions'!$B$5:$B$11, D71) -> 0.07 | F71: =C71*E71 -> 0 | G71: =INDEX('AMC & Spares % Assumptions'!$C$5:$C$11, D71) -> 0.095 | H71: =C71*G71 -> 0 | I71: =F71+H71 -> 0
A72: ='Client-Product Master'!B12 -> NTPC solapur | B72: ='Client-Product Master'!C12 -> Rail Static Weighing System | C72: ='Client-Product Master'!E12 -> 0 | D72: 1 | E72: =INDEX('AMC & Spares % Assumptions'!$B$5:$B$11, D72) -> 0.015 | F72: =C72*E72 -> 0 | G72: =INDEX('AMC & Spares % Assumptions'!$C$5:$C$11, D72) -> 0.01 | H72: =C72*G72 -> 0 | I72: =F72+H72 -> 0
A73: ='Client-Product Master'!B12 -> NTPC solapur | B73: ='Client-Product Master'!C12 -> Rail Static Weighing System | C73: ='Client-Product Master'!E12 -> 0 | D73: 2 | E73: =INDEX('AMC & Spares % Assumptions'!$B$5:$B$11, D73) -> 0.03 | F73: =C73*E73 -> 0 | G73: =INDEX('AMC & Spares % Assumptions'!$C$5:$C$11, D73) -> 0.025 | H73: =C73*G73 -> 0 | I73: =F73+H73 -> 0
A74: ='Client-Product Master'!B12 -> NTPC solapur | B74: ='Client-Product Master'!C12 -> Rail Static Weighing System | C74: ='Client-Product Master'!E12 -> 0 | D74: 3 | E74: =INDEX('AMC & Spares % Assumptions'!$B$5:$B$11, D74) -> 0.045 | F74: =C74*E74 -> 0 | G74: =INDEX('AMC & Spares % Assumptions'!$C$5:$C$11, D74) -> 0.045 | H74: =C74*G74 -> 0 | I74: =F74+H74 -> 0
A75: ='Client-Product Master'!B12 -> NTPC solapur | B75: ='Client-Product Master'!C12 -> Rail Static Weighing System | C75: ='Client-Product Master'!E12 -> 0 | D75: 4 | E75: =INDEX('AMC & Spares % Assumptions'!$B$5:$B$11, D75) -> 0.055 | F75: =C75*E75 -> 0 | G75: =INDEX('AMC & Spares % Assumptions'!$C$5:$C$11, D75) -> 0.06 | H75: =C75*G75 -> 0 | I75: =F75+H75 -> 0
A76: ='Client-Product Master'!B12 -> NTPC solapur | B76: ='Client-Product Master'!C12 -> Rail Static Weighing System | C76: ='Client-Product Master'!E12 -> 0 | D76: 5 | E76: =INDEX('AMC & Spares % Assumptions'!$B$5:$B$11, D76) -> 0.06 | F76: =C76*E76 -> 0 | G76: =INDEX('AMC & Spares % Assumptions'!$C$5:$C$11, D76) -> 0.075 | H76: =C76*G76 -> 0 | I76: =F76+H76 -> 0
A77: ='Client-Product Master'!B12 -> NTPC solapur | B77: ='Client-Product Master'!C12 -> Rail Static Weighing System | C77: ='Client-Product Master'!E12 -> 0 | D77: 6 | E77: =INDEX('AMC & Spares % Assumptions'!$B$5:$B$11, D77) -> 0.065 | F77: =C77*E77 -> 0 | G77: =INDEX('AMC & Spares % Assumptions'!$C$5:$C$11, D77) -> 0.085 | H77: =C77*G77 -> 0 | I77: =F77+H77 -> 0
A78: ='Client-Product Master'!B12 -> NTPC solapur | B78: ='Client-Product Master'!C12 -> Rail Static Weighing System | C78: ='Client-Product Master'!E12 -> 0 | D78: 7 | E78: =INDEX('AMC & Spares % Assumptions'!$B$5:$B$11, D78) -> 0.07 | F78: =C78*E78 -> 0 | G78: =INDEX('AMC & Spares % Assumptions'!$C$5:$C$11, D78) -> 0.095 | H78: =C78*G78 -> 0 | I78: =F78+H78 -> 0
A79: ='Client-Product Master'!B13 -> BAJAJ MUKAND LTD | B79: ='Client-Product Master'!C13 -> BILLET WEIGHING SYSTEM 3 TON | C79: ='Client-Product Master'!E13 -> 0 | D79: 1 | E79: =INDEX('AMC & Spares % Assumptions'!$B$5:$B$11, D79) -> 0.015 | F79: =C79*E79 -> 0 | G79: =INDEX('AMC & Spares % Assumptions'!$C$5:$C$11, D79) -> 0.01 | H79: =C79*G79 -> 0 | I79: =F79+H79 -> 0
A80: ='Client-Product Master'!B13 -> BAJAJ MUKAND LTD | B80: ='Client-Product Master'!C13 -> BILLET WEIGHING SYSTEM 3 TON | C80: ='Client-Product Master'!E13 -> 0 | D80: 2 | E80: =INDEX('AMC & Spares % Assumptions'!$B$5:$B$11, D80) -> 0.03 | F80: =C80*E80 -> 0 | G80: =INDEX('AMC & Spares % Assumptions'!$C$5:$C$11, D80) -> 0.025 | H80: =C80*G80 -> 0 | I80: =F80+H80 -> 0
A81: ='Client-Product Master'!B13 -> BAJAJ MUKAND LTD | B81: ='Client-Product Master'!C13 -> BILLET WEIGHING SYSTEM 3 TON | C81: ='Client-Product Master'!E13 -> 0 | D81: 3 | E81: =INDEX('AMC & Spares % Assumptions'!$B$5:$B$11, D81) -> 0.045 | F81: =C81*E81 -> 0 | G81: =INDEX('AMC & Spares % Assumptions'!$C$5:$C$11, D81) -> 0.045 | H81: =C81*G81 -> 0 | I81: =F81+H81 -> 0
A82: ='Client-Product Master'!B13 -> BAJAJ MUKAND LTD | B82: ='Client-Product Master'!C13 -> BILLET WEIGHING SYSTEM 3 TON | C82: ='Client-Product Master'!E13 -> 0 | D82: 4 | E82: =INDEX('AMC & Spares % Assumptions'!$B$5:$B$11, D82) -> 0.055 | F82: =C82*E82 -> 0 | G82: =INDEX('AMC & Spares % Assumptions'!$C$5:$C$11, D82) -> 0.06 | H82: =C82*G82 -> 0 | I82: =F82+H82 -> 0
A83: ='Client-Product Master'!B13 -> BAJAJ MUKAND LTD | B83: ='Client-Product Master'!C13 -> BILLET WEIGHING SYSTEM 3 TON | C83: ='Client-Product Master'!E13 -> 0 | D83: 5 | E83: =INDEX('AMC & Spares % Assumptions'!$B$5:$B$11, D83) -> 0.06 | F83: =C83*E83 -> 0 | G83: =INDEX('AMC & Spares % Assumptions'!$C$5:$C$11, D83) -> 0.075 | H83: =C83*G83 -> 0 | I83: =F83+H83 -> 0
A84: ='Client-Product Master'!B13 -> BAJAJ MUKAND LTD | B84: ='Client-Product Master'!C13 -> BILLET WEIGHING SYSTEM 3 TON | C84: ='Client-Product Master'!E13 -> 0 | D84: 6 | E84: =INDEX('AMC & Spares % Assumptions'!$B$5:$B$11, D84) -> 0.065 | F84: =C84*E84 -> 0 | G84: =INDEX('AMC & Spares % Assumptions'!$C$5:$C$11, D84) -> 0.085 | H84: =C84*G84 -> 0 | I84: =F84+H84 -> 0
A85: ='Client-Product Master'!B13 -> BAJAJ MUKAND LTD | B85: ='Client-Product Master'!C13 -> BILLET WEIGHING SYSTEM 3 TON | C85: ='Client-Product Master'!E13 -> 0 | D85: 7 | E85: =INDEX('AMC & Spares % Assumptions'!$B$5:$B$11, D85) -> 0.07 | F85: =C85*E85 -> 0 | G85: =INDEX('AMC & Spares % Assumptions'!$C$5:$C$11, D85) -> 0.095 | H85: =C85*G85 -> 0 | I85: =F85+H85 -> 0
A86: ='Client-Product Master'!B14 -> JSL | B86: ='Client-Product Master'!C14 -> BILLET WEIGHING SYSTEM 3 TON | C86: ='Client-Product Master'!E14 -> 0 | D86: 1 | E86: =INDEX('AMC & Spares % Assumptions'!$B$5:$B$11, D86) -> 0.015 | F86: =C86*E86 -> 0 | G86: =INDEX('AMC & Spares % Assumptions'!$C$5:$C$11, D86) -> 0.01 | H86: =C86*G86 -> 0 | I86: =F86+H86 -> 0
A87: ='Client-Product Master'!B14 -> JSL | B87: ='Client-Product Master'!C14 -> BILLET WEIGHING SYSTEM 3 TON | C87: ='Client-Product Master'!E14 -> 0 | D87: 2 | E87: =INDEX('AMC & Spares % Assumptions'!$B$5:$B$11, D87) -> 0.03 | F87: =C87*E87 -> 0 | G87: =INDEX('AMC & Spares % Assumptions'!$C$5:$C$11, D87) -> 0.025 | H87: =C87*G87 -> 0 | I87: =F87+H87 -> 0
A88: ='Client-Product Master'!B14 -> JSL | B88: ='Client-Product Master'!C14 -> BILLET WEIGHING SYSTEM 3 TON | C88: ='Client-Product Master'!E14 -> 0 | D88: 3 | E88: =INDEX('AMC & Spares % Assumptions'!$B$5:$B$11, D88) -> 0.045 | F88: =C88*E88 -> 0 | G88: =INDEX('AMC & Spares % Assumptions'!$C$5:$C$11, D88) -> 0.045 | H88: =C88*G88 -> 0 | I88: =F88+H88 -> 0
A89: ='Client-Product Master'!B14 -> JSL | B89: ='Client-Product Master'!C14 -> BILLET WEIGHING SYSTEM 3 TON | C89: ='Client-Product Master'!E14 -> 0 | D89: 4 | E89: =INDEX('AMC & Spares % Assumptions'!$B$5:$B$11, D89) -> 0.055 | F89: =C89*E89 -> 0 | G89: =INDEX('AMC & Spares % Assumptions'!$C$5:$C$11, D89) -> 0.06 | H89: =C89*G89 -> 0 | I89: =F89+H89 -> 0
A90: ='Client-Product Master'!B14 -> JSL | B90: ='Client-Product Master'!C14 -> BILLET WEIGHING SYSTEM 3 TON | C90: ='Client-Product Master'!E14 -> 0 | D90: 5 | E90: =INDEX('AMC & Spares % Assumptions'!$B$5:$B$11, D90) -> 0.06 | F90: =C90*E90 -> 0 | G90: =INDEX('AMC & Spares % Assumptions'!$C$5:$C$11, D90) -> 0.075 | H90: =C90*G90 -> 0 | I90: =F90+H90 -> 0
A91: ='Client-Product Master'!B14 -> JSL | B91: ='Client-Product Master'!C14 -> BILLET WEIGHING SYSTEM 3 TON | C91: ='Client-Product Master'!E14 -> 0 | D91: 6 | E91: =INDEX('AMC & Spares % Assumptions'!$B$5:$B$11, D91) -> 0.065 | F91: =C91*E91 -> 0 | G91: =INDEX('AMC & Spares % Assumptions'!$C$5:$C$11, D91) -> 0.085 | H91: =C91*G91 -> 0 | I91: =F91+H91 -> 0
A92: ='Client-Product Master'!B14 -> JSL | B92: ='Client-Product Master'!C14 -> BILLET WEIGHING SYSTEM 3 TON | C92: ='Client-Product Master'!E14 -> 0 | D92: 7 | E92: =INDEX('AMC & Spares % Assumptions'!$B$5:$B$11, D92) -> 0.07 | F92: =C92*E92 -> 0 | G92: =INDEX('AMC & Spares % Assumptions'!$C$5:$C$11, D92) -> 0.095 | H92: =C92*G92 -> 0 | I92: =F92+H92 -> 0
A93: ='Client-Product Master'!B15 -> Ultratech Maihar | B93: ='Client-Product Master'!C15 -> Road Weigh Bridge | C93: ='Client-Product Master'!E15 -> 0 | D93: 1 | E93: =INDEX('AMC & Spares % Assumptions'!$B$5:$B$11, D93) -> 0.015 | F93: =C93*E93 -> 0 | G93: =INDEX('AMC & Spares % Assumptions'!$C$5:$C$11, D93) -> 0.01 | H93: =C93*G93 -> 0 | I93: =F93+H93 -> 0
A94: ='Client-Product Master'!B15 -> Ultratech Maihar | B94: ='Client-Product Master'!C15 -> Road Weigh Bridge | C94: ='Client-Product Master'!E15 -> 0 | D94: 2 | E94: =INDEX('AMC & Spares % Assumptions'!$B$5:$B$11, D94) -> 0.03 | F94: =C94*E94 -> 0 | G94: =INDEX('AMC & Spares % Assumptions'!$C$5:$C$11, D94) -> 0.025 | H94: =C94*G94 -> 0 | I94: =F94+H94 -> 0
A95: ='Client-Product Master'!B15 -> Ultratech Maihar | B95: ='Client-Product Master'!C15 -> Road Weigh Bridge | C95: ='Client-Product Master'!E15 -> 0 | D95: 3 | E95: =INDEX('AMC & Spares % Assumptions'!$B$5:$B$11, D95) -> 0.045 | F95: =C95*E95 -> 0 | G95: =INDEX('AMC & Spares % Assumptions'!$C$5:$C$11, D95) -> 0.045 | H95: =C95*G95 -> 0 | I95: =F95+H95 -> 0
A96: ='Client-Product Master'!B15 -> Ultratech Maihar | B96: ='Client-Product Master'!C15 -> Road Weigh Bridge | C96: ='Client-Product Master'!E15 -> 0 | D96: 4 | E96: =INDEX('AMC & Spares % Assumptions'!$B$5:$B$11, D96) -> 0.055 | F96: =C96*E96 -> 0 | G96: =INDEX('AMC & Spares % Assumptions'!$C$5:$C$11, D96) -> 0.06 | H96: =C96*G96 -> 0 | I96: =F96+H96 -> 0
A97: ='Client-Product Master'!B15 -> Ultratech Maihar | B97: ='Client-Product Master'!C15 -> Road Weigh Bridge | C97: ='Client-Product Master'!E15 -> 0 | D97: 5 | E97: =INDEX('AMC & Spares % Assumptions'!$B$5:$B$11, D97) -> 0.06 | F97: =C97*E97 -> 0 | G97: =INDEX('AMC & Spares % Assumptions'!$C$5:$C$11, D97) -> 0.075 | H97: =C97*G97 -> 0 | I97: =F97+H97 -> 0
A98: ='Client-Product Master'!B15 -> Ultratech Maihar | B98: ='Client-Product Master'!C15 -> Road Weigh Bridge | C98: ='Client-Product Master'!E15 -> 0 | D98: 6 | E98: =INDEX('AMC & Spares % Assumptions'!$B$5:$B$11, D98) -> 0.065 | F98: =C98*E98 -> 0 | G98: =INDEX('AMC & Spares % Assumptions'!$C$5:$C$11, D98) -> 0.085 | H98: =C98*G98 -> 0 | I98: =F98+H98 -> 0
A99: ='Client-Product Master'!B15 -> Ultratech Maihar | B99: ='Client-Product Master'!C15 -> Road Weigh Bridge | C99: ='Client-Product Master'!E15 -> 0 | D99: 7 | E99: =INDEX('AMC & Spares % Assumptions'!$B$5:$B$11, D99) -> 0.07 | F99: =C99*E99 -> 0 | G99: =INDEX('AMC & Spares % Assumptions'!$C$5:$C$11, D99) -> 0.095 | H99: =C99*G99 -> 0 | I99: =F99+H99 -> 0
A100: ='Client-Product Master'!B16 -> Synergy Steel ltd | B100: ='Client-Product Master'!C16 -> LAdle Weighing system | C100: ='Client-Product Master'!E16 -> 0 | D100: 1 | E100: =INDEX('AMC & Spares % Assumptions'!$B$5:$B$11, D100) -> 0.015 | F100: =C100*E100 -> 0 | G100: =INDEX('AMC & Spares % Assumptions'!$C$5:$C$11, D100) -> 0.01 | H100: =C100*G100 -> 0 | I100: =F100+H100 -> 0
...

Sheet Client Summary
A1: Client Name | B1: Number of Products | C1: Total Billed Value (INR) | D1: Total 7-Yr AMC Opportunity (INR) | E1: Total 7-Yr Spares Opportunity (INR) | F1: Total 7-Yr Aftermarket Opportunity (INR)
A2: JSW STEEL-SALEM | B2: =COUNTIF('Client-Product Master'!$B$2:$B$55, A2) -> 1 | C2: =SUMIF('Client-Product Master'!$B$2:$B$55, A2, 'Client-Product Master'!$E$2:$E$55) -> 930000 | D2: =SUMIF('Opportunity Model (Year-wise)'!$A$2:$A$379, A2, 'Opportunity Model (Year-wise)'!$F$2:$F$379) -> 316200 | E2: =SUMIF('Opportunity Model (Year-wise)'!$A$2:$A$379, A2, 'Opportunity Model (Year-wise)'!$H$2:$H$379) -> 367350 | F2: =D2+E2 -> 683550
A3: JSW BPSL | B3: =COUNTIF('Client-Product Master'!$B$2:$B$55, A3) -> 2 | C3: =SUMIF('Client-Product Master'!$B$2:$B$55, A3, 'Client-Product Master'!$E$2:$E$55) -> 870000 | D3: =SUMIF('Opportunity Model (Year-wise)'!$A$2:$A$379, A3, 'Opportunity Model (Year-wise)'!$F$2:$F$379) -> 295800 | E3: =SUMIF('Opportunity Model (Year-wise)'!$A$2:$A$379, A3, 'Opportunity Model (Year-wise)'!$H$2:$H$379) -> 343650 | F3: =D3+E3 -> 639450
A4: JSW JFE Steel Limited | B4: =COUNTIF('Client-Product Master'!$B$2:$B$55, A4) -> 1 | C4: =SUMIF('Client-Product Master'!$B$2:$B$55, A4, 'Client-Product Master'!$E$2:$E$55) -> 860000 | D4: =SUMIF('Opportunity Model (Year-wise)'!$A$2:$A$379, A4, 'Opportunity Model (Year-wise)'!$F$2:$F$379) -> 292400 | E4: =SUMIF('Opportunity Model (Year-wise)'!$A$2:$A$379, A4, 'Opportunity Model (Year-wise)'!$H$2:$H$379) -> 339700 | F4: =D4+E4 -> 632100
A5: TAMILIIADU CEMENTS CORPORATION LTD | B5: =COUNTIF('Client-Product Master'!$B$2:$B$55, A5) -> 1 | C5: =SUMIF('Client-Product Master'!$B$2:$B$55, A5, 'Client-Product Master'!$E$2:$E$55) -> 675000 | D5: =SUMIF('Opportunity Model (Year-wise)'!$A$2:$A$379, A5, 'Opportunity Model (Year-wise)'!$F$2:$F$379) -> 229500 | E5: =SUMIF('Opportunity Model (Year-wise)'!$A$2:$A$379, A5, 'Opportunity Model (Year-wise)'!$H$2:$H$379) -> 266625 | F5: =D5+E5 -> 496125
A6: (Client name not provided in source - confirm) | B6: =COUNTIF('Client-Product Master'!$B$2:$B$55, A6) -> 1 | C6: =SUMIF('Client-Product Master'!$B$2:$B$55, A6, 'Client-Product Master'!$E$2:$E$55) -> 660000 | D6: =SUMIF('Opportunity Model (Year-wise)'!$A$2:$A$379, A6, 'Opportunity Model (Year-wise)'!$F$2:$F$379) -> 224400 | E6: =SUMIF('Opportunity Model (Year-wise)'!$A$2:$A$379, A6, 'Opportunity Model (Year-wise)'!$H$2:$H$379) -> 260700 | F6: =D6+E6 -> 485100
A7: Ultratech Cement Ltd, Unit- Maihar cement works | B7: =COUNTIF('Client-Product Master'!$B$2:$B$55, A7) -> 1 | C7: =SUMIF('Client-Product Master'!$B$2:$B$55, A7, 'Client-Product Master'!$E$2:$E$55) -> 550000 | D7: =SUMIF('Opportunity Model (Year-wise)'!$A$2:$A$379, A7, 'Opportunity Model (Year-wise)'!$F$2:$F$379) -> 187000 | E7: =SUMIF('Opportunity Model (Year-wise)'!$A$2:$A$379, A7, 'Opportunity Model (Year-wise)'!$H$2:$H$379) -> 217250 | F7: =D7+E7 -> 404250
A8: Kirloskar Ferrous Industries Ltd Steel Plant | B8: =COUNTIF('Client-Product Master'!$B$2:$B$55, A8) -> 1 | C8: =SUMIF('Client-Product Master'!$B$2:$B$55, A8, 'Client-Product Master'!$E$2:$E$55) -> 400000 | D8: =SUMIF('Opportunity Model (Year-wise)'!$A$2:$A$379, A8, 'Opportunity Model (Year-wise)'!$F$2:$F$379) -> 136000 | E8: =SUMIF('Opportunity Model (Year-wise)'!$A$2:$A$379, A8, 'Opportunity Model (Year-wise)'!$H$2:$H$379) -> 158000 | F8: =D8+E8 -> 294000
A9: Balaji Engineers & Contractors. | B9: =COUNTIF('Client-Product Master'!$B$2:$B$55, A9) -> 1 | C9: =SUMIF('Client-Product Master'!$B$2:$B$55, A9, 'Client-Product Master'!$E$2:$E$55) -> 333250 | D9: =SUMIF('Opportunity Model (Year-wise)'!$A$2:$A$379, A9, 'Opportunity Model (Year-wise)'!$F$2:$F$379) -> 113305 | E9: =SUMIF('Opportunity Model (Year-wise)'!$A$2:$A$379, A9, 'Opportunity Model (Year-wise)'!$H$2:$H$379) -> 131633.75 | F9: =D9+E9 -> 244938.75
A10: Evonith Steel Complex | B10: =COUNTIF('Client-Product Master'!$B$2:$B$55, A10) -> 1 | C10: =SUMIF('Client-Product Master'!$B$2:$B$55, A10, 'Client-Product Master'!$E$2:$E$55) -> 295000 | D10: =SUMIF('Opportunity Model (Year-wise)'!$A$2:$A$379, A10, 'Opportunity Model (Year-wise)'!$F$2:$F$379) -> 100300 | E10: =SUMIF('Opportunity Model (Year-wise)'!$A$2:$A$379, A10, 'Opportunity Model (Year-wise)'!$H$2:$H$379) -> 116525 | F10: =D10+E10 -> 216825
A11: adani gondia | B11: =COUNTIF('Client-Product Master'!$B$2:$B$55, A11) -> 1 | C11: =SUMIF('Client-Product Master'!$B$2:$B$55, A11, 'Client-Product Master'!$E$2:$E$55) -> 165000 | D11: =SUMIF('Opportunity Model (Year-wise)'!$A$2:$A$379, A11, 'Opportunity Model (Year-wise)'!$F$2:$F$379) -> 56100 | E11: =SUMIF('Opportunity Model (Year-wise)'!$A$2:$A$379, A11, 'Opportunity Model (Year-wise)'!$H$2:$H$379) -> 65175 | F11: =D11+E11 -> 121275
A12: JSW Steel Ltd. | B12: =COUNTIF('Client-Product Master'!$B$2:$B$55, A12) -> 1 | C12: =SUMIF('Client-Product Master'!$B$2:$B$55, A12, 'Client-Product Master'!$E$2:$E$55) -> 113000 | D12: =SUMIF('Opportunity Model (Year-wise)'!$A$2:$A$379, A12, 'Opportunity Model (Year-wise)'!$F$2:$F$379) -> 38420 | E12: =SUMIF('Opportunity Model (Year-wise)'!$A$2:$A$379, A12, 'Opportunity Model (Year-wise)'!$H$2:$H$379) -> 44635 | F12: =D12+E12 -> 83055
A13: JSW Steel Limited | B13: =COUNTIF('Client-Product Master'!$B$2:$B$55, A13) -> 4 | C13: =SUMIF('Client-Product Master'!$B$2:$B$55, A13, 'Client-Product Master'!$E$2:$E$55) -> 90000 | D13: =SUMIF('Opportunity Model (Year-wise)'!$A$2:$A$379, A13, 'Opportunity Model (Year-wise)'!$F$2:$F$379) -> 30600 | E13: =SUMIF('Opportunity Model (Year-wise)'!$A$2:$A$379, A13, 'Opportunity Model (Year-wise)'!$H$2:$H$379) -> 35550 | F13: =D13+E13 -> 66150
... A44: Yash Trading Co | B44: =COUNTIF('Client-Product Master'!$B$2:$B$55, A44) -> 2 | C44: =SUMIF('Client-Product Master'!$B$2:$B$55, A44, 'Client-Product Master'!$E$2:$E$55) -> 0 | D44: =SUMIF('Opportunity Model (Year-wise)'!$A$2:$A$379, A44, 'Opportunity Model (Year-wise)'!$F$2:$F$379) -> 0 | E44: =SUMIF('Opportunity Model (Year-wise)'!$A$2:$A$379, A44, 'Opportunity Model (Year-wise)'!$H$2:$H$379) -> 0 | F44: =D44+E44 -> 0
A45: GRAND TOTAL | B45: =SUM(B2:B44) -> 54 | C45: =SUM(C2:C44) -> 5963250 | D45: =SUM(D2:D44) -> 2027505 | E45: =SUM(E2:E44) -> 2355483.8 | F45: =SUM(F2:F44) -> 4382988.8
